Row ID,Order ID,Order Date,Ship Date,Ship Mode,Customer ID,Customer Name,Segment,Country,City,State,Region,Product ID,Category,Sub-Category,Product Name,Sales,Quantity,Discount,Profit
1,CA-2016-152156,2016-11-08,2016-11-11,Second Class,CG-12520,Claire Gute,Consumer,United States,Henderson,Kentucky,South,FUR-CH-10000454,Furniture,Chairs,Hon Deluxe Fabric Upholstered Stacking Chairs,731.94,3,0.0,219.58
2,US-2015-108966,2015-10-11,2015-10-18,Standard Class,SO-20335,Sean O'Donnell,Consumer,United States,Fort Lauderdale,Florida,South,FUR-TA-10000577,Furniture,Tables,Bretford CR4500 Series Slim Rectangular Table,957.57,5,0.45,-383.03
3,CA-2016-138688,2016-06-12,2016-06-16,Second Class,DV-13045,Darrin Van Huff,Corporate,United States,Los Angeles,California,West,OFF-LA-10000240,Office Supplies,Labels,Self-Adhesive Address Labels,14.62,2,0.0,6.87
4,CA-2017-114412,2017-04-15,2017-04-20,Standard Class,AA-10480,Andrew Allen,Consumer,United States,Concord,North Carolina,South,OFF-ST-10003454,Office Supplies,Storage,Fellowes Bankers Box,22.36,3,0.0,7.38
5,CA-2016-152156,2016-11-08,2016-11-11,Second Class,CG-12520,Claire Gute,Consumer,United States,Henderson,Kentucky,South,FUR-BO-10001798,Furniture,Bookcases,Bush Somerset Collection Bookcase,261.96,2,0.0,41.91
6,CA-2016-152156,2016-11-08,2016-11-11,Second Class,CG-12520,Claire Gute,Consumer,United States,Henderson,Kentucky,South,FUR-CH-10000454,Furniture,Chairs,Hon Deluxe Fabric Upholstered Stacking Chairs,731.94,3,0.0,219.58
7,US-2015-108966,2015-10-11,2015-10-18,Standard Class,SO-20335,Sean O'Donnell,Consumer,United States,Fort Lauderdale,Florida,South,FUR-TA-10000577,Furniture,Tables,Bretford CR4500 Series Slim Rectangular Table,957.57,5,0.45,-383.03
8,CA-2016-138688,2016-06-12,2016-06-16,Second Class,DV-13045,Darrin Van Huff,Corporate,United States,Los Angeles,California,West,OFF-LA-10000240,Office Supplies,Labels,Self-Adhesive Address Labels,14.62,2,0.0,6.87
9,CA-2017-114412,2017-04-15,2017-04-20,Standard Class,AA-10480,Andrew Allen,Consumer,United States,Concord,North Carolina,South,OFF-ST-10003454,Office Supplies,Storage,Fellowes Bankers Box,22.36,3,0.0,7.38
10,CA-2016-152156,2016-11-08,2016-11-11,Second Class,CG-12520,Claire Gute,Consumer,United States,Henderson,Kentucky,South,FUR-BO-10001798,Furniture,Bookcases,Bush Somerset Collection Bookcase,261.96,2,0.0,41.91
11,CA-2016-152156,2016-11-08,2016-11-11,Second Class,CG-12520,Claire Gute,Consumer,United States,Henderson,Kentucky,South,FUR-CH-10000454,Furniture,Chairs,Hon Deluxe Fabric Upholstered Stacking Chairs,731.94,3,0.0,219.58
12,US-2015-108966,2015-10-11,2015-10-18,Standard Class,SO-20335,Sean O'Donnell,Consumer,United States,Fort Lauderdale,Florida,South,FUR-TA-10000577,Furniture,Tables,Bretford CR4500 Series Slim Rectangular Table,957.57,5,0.45,-383.03
13,CA-2016-138688,2016-06-12,2016-06-16,Second Class,DV-13045,Darrin Van Huff,Corporate,United States,Los Angeles,California,West,OFF-LA-10000240,Office Supplies,Labels,Self-Adhesive Address Labels,14.62,2,0.0,6.87
14,CA-2017-114412,2017-04-15,2017-04-20,Standard Class,AA-10480,Andrew Allen,Consumer,United States,Concord,North Carolina,South,OFF-ST-10003454,Office Supplies,Storage,Fellowes Bankers Box,22.36,3,0.0,7.38
15,CA-2016-152156,2016-11-08,2016-11-11,Second Class,CG-12520,Claire Gute,Consumer,United States,Henderson,Kentucky,South,FUR-BO-10001798,Furniture,Bookcases,Bush Somerset Collection Bookcase,261.96,2,0.0,41.91
16,CA-2016-152156,2016-11-08,2016-11-11,Second Class,CG-12520,Claire Gute,Consumer,United States,Henderson,Kentucky,South,FUR-CH-10000454,Furniture,Chairs,Hon Deluxe Fabric Upholstered Stacking Chairs,731.94,3,0.0,219.58
17,US-2015-108966,2015-10-11,2015-10-18,Standard Class,SO-20335,Sean O'Donnell,Consumer,United States,Fort Lauderdale,Florida,South,FUR-TA-10000577,Furniture,Tables,Bretford CR4500 Series Slim Rectangular Table,957.57,5,0.45,-383.03
18,CA-2016-138688,2016-06-12,2016-06-16,Second Class,DV-13045,Darrin Van Huff,Corporate,United States,Los Angeles,California,West,OFF-LA-10000240,Office Supplies,Labels,Self-Adhesive Address Labels,14.62,2,0.0,6.87
19,CA-2017-114412,2017-04-15,2017-04-20,Standard Class,AA-10480,Andrew Allen,Consumer,United States,Concord,North Carolina,South,OFF-ST-10003454,Office Supplies,Storage,Fellowes Bankers Box,22.36,3,0.0,7.38
20,CA-2016-152156,2016-11-08,2016-11-11,Second Class,CG-12520,Claire Gute,Consumer,United States,Henderson,Kentucky,South,FUR-BO-10001798,Furniture,Bookcases,Bush Somerset Collection Bookcase,261.96,2,0.0,41.91
21,CA-2016-152156,2016-11-08,2016-11-11,Second Class,CG-12520,Claire Gute,Consumer,United States,Henderson,Kentucky,South,FUR-CH-10000454,Furniture,Chairs,Hon Deluxe Fabric Upholstered Stacking Chairs,731.94,3,0.0,219.58
22,US-2015-108966,2015-10-11,2015-10-18,Standard Class,SO-20335,Sean O'Donnell,Consumer,United States,Fort Lauderdale,Florida,South,FUR-TA-10000577,Furniture,Tables,Bretford CR4500 Series Slim Rectangular Table,957.57,5,0.45,-383.03
23,CA-2016-138688,2016-06-12,2016-06-16,Second Class,DV-13045,Darrin Van Huff,Corporate,United States,Los Angeles,California,West,OFF-LA-10000240,Office Supplies,Labels,Self-Adhesive Address Labels,14.62,2,0.0,6.87
24,CA-2017-114412,2017-04-15,2017-04-20,Standard Class,AA-10480,Andrew Allen,Consumer,United States,Concord,North Carolina,South,OFF-ST-10003454,Office Supplies,Storage,Fellowes Bankers Box,22.36,3,0.0,7.38
25,CA-2016-152156,2016-11-08,2016-11-11,Second Class,CG-12520,Claire Gute,Consumer,United States,Henderson,Kentucky,South,FUR-BO-10001798,Furniture,Bookcases,Bush Somerset Collection Bookcase,261.96,2,0.0,41.91
26,CA-2016-152156,2016-11-08,2016-11-11,Second Class,CG-12520,Claire Gute,Consumer,United States,Henderson,Kentucky,South,FUR-CH-10000454,Furniture,Chairs,Hon Deluxe Fabric Upholstered Stacking Chairs,731.94,3,0.0,219.58
27,US-2015-108966,2015-10-11,2015-10-18,Standard Class,SO-20335,Sean O'Donnell,Consumer,United States,Fort Lauderdale,Florida,South,FUR-TA-10000577,Furniture,Tables,Bretford CR4500 Series Slim Rectangular Table,957.57,5,0.45,-383.03
28,CA-2016-138688,2016-06-12,2016-06-16,Second Class,DV-13045,Darrin Van Huff,Corporate,United States,Los Angeles,California,West,OFF-LA-10000240,Office Supplies,Labels,Self-Adhesive Address Labels,14.62,2,0.0,6.87
29,CA-2017-114412,2017-04-15,2017-04-20,Standard Class,AA-10480,Andrew Allen,Consumer,United States,Concord,North Carolina,South,OFF-ST-10003454,Office Supplies,Storage,Fellowes Bankers Box,22.36,3,0.0,7.38
30,CA-2016-152156,2016-11-08,2016-11-11,Second Class,CG-12520,Claire Gute,Consumer,United States,Henderson,Kentucky,South,FUR-BO-10001798,Furniture,Bookcases,Bush Somerset Collection Bookcase,261.96,2,0.0,41.91
31,CA-2016-152156,2016-11-08,2016-11-11,Second Class,CG-12520,Claire Gute,Consumer,United States,Henderson,Kentucky,South,FUR-CH-10000454,Furniture,Chairs,Hon Deluxe Fabric Upholstered Stacking Chairs,731.94,3,0.0,219.58
32,US-2015-108966,2015-10-11,2015-10-18,Standard Class,SO-20335,Sean O'Donnell,Consumer,United States,Fort Lauderdale,Florida,South,FUR-TA-10000577,Furniture,Tables,Bretford CR4500 Series Slim Rectangular Table,957.57,5,0.45,-383.03
33,CA-2016-138688,2016-06-12,2016-06-16,Second Class,DV-13045,Darrin Van Huff,Corporate,United States,Los Angeles,California,West,OFF-LA-10000240,Office Supplies,Labels,Self-Adhesive Address Labels,14.62,2,0.0,6.87
34,CA-2017-114412,2017-04-15,2017-04-20,Standard Class,AA-10480,Andrew Allen,Consumer,United States,Concord,North Carolina,South,OFF-ST-10003454,Office Supplies,Storage,Fellowes Bankers Box,22.36,3,0.0,7.38
35,CA-2016-152156,2016-11-08,2016-11-11,Second Class,CG-12520,Claire Gute,Consumer,United States,Henderson,Kentucky,South,FUR-BO-10001798,Furniture,Bookcases,Bush Somerset Collection Bookcase,261.96,2,0.0,41.91
36,CA-2016-152156,2016-11-08,2016-11-11,Second Class,CG-12520,Claire Gute,Consumer,United States,Henderson,Kentucky,South,FUR-CH-10000454,Furniture,Chairs,Hon Deluxe Fabric Upholstered Stacking Chairs,731.94,3,0.0,219.58
37,US-2015-108966,2015-10-11,2015-10-18,Standard Class,SO-20335,Sean O'Donnell,Consumer,United States,Fort Lauderdale,Florida,South,FUR-TA-10000577,Furniture,Tables,Bretford CR4500 Series Slim Rectangular Table,957.57,5,0.45,-383.03
38,CA-2016-138688,2016-06-12,2016-06-16,Second Class,DV-13045,Darrin Van Huff,Corporate,United States,Los Angeles,California,West,OFF-LA-10000240,Office Supplies,Labels,Self-Adhesive Address Labels,14.62,2,0.0,6.87
39,CA-2017-114412,2017-04-15,2017-04-20,Standard Class,AA-10480,Andrew Allen,Consumer,United States,Concord,North Carolina,South,OFF-ST-10003454,Office Supplies,Storage,Fellowes Bankers Box,22.36,3,0.0,7.38
40,CA-2016-152156,2016-11-08,2016-11-11,Second Class,CG-12520,Claire Gute,Consumer,United States,Henderson,Kentucky,South,FUR-BO-10001798,Furniture,Bookcases,Bush Somerset Collection Bookcase,261.96,2,0.0,41.91
41,CA-2016-152156,2016-11-08,2016-11-11,Second Class,CG-12520,Claire Gute,Consumer,United States,Henderson,Kentucky,South,FUR-CH-10000454,Furniture,Chairs,Hon Deluxe Fabric Upholstered Stacking Chairs,731.94,3,0.0,219.58
42,US-2015-108966,2015-10-11,2015-10-18,Standard Class,SO-20335,Sean O'Donnell,Consumer,United States,Fort Lauderdale,Florida,South,FUR-TA-10000577,Furniture,Tables,Bretford CR4500 Series Slim Rectangular Table,957.57,5,0.45,-383.03
43,CA-2016-138688,2016-06-12,2016-06-16,Second Class,DV-13045,Darrin Van Huff,Corporate,United States,Los Angeles,California,West,OFF-LA-10000240,Office Supplies,Labels,Self-Adhesive Address Labels,14.62,2,0.0,6.87
44,CA-2017-114412,2017-04-15,2017-04-20,Standard Class,AA-10480,Andrew Allen,Consumer,United States,Concord,North Carolina,South,OFF-ST-10003454,Office Supplies,Storage,Fellowes Bankers Box,22.36,3,0.0,7.38
45,CA-2016-152156,2016-11-08,2016-11-11,Second Class,CG-12520,Claire Gute,Consumer,United States,Henderson,Kentucky,South,FUR-BO-10001798,Furniture,Bookcases,Bush Somerset Collection Bookcase,261.96,2,0.0,41.91
46,CA-2016-152156,2016-11-08,2016-11-11,Second Class,CG-12520,Claire Gute,Consumer,United States,Henderson,Kentucky,South,FUR-CH-10000454,Furniture,Chairs,Hon Deluxe Fabric Upholstered Stacking Chairs,731.94,3,0.0,219.58
47,US-2015-108966,2015-10-11,2015-10-18,Standard Class,SO-20335,Sean O'Donnell,Consumer,United States,Fort Lauderdale,Florida,South,FUR-TA-10000577,Furniture,Tables,Bretford CR4500 Series Slim Rectangular Table,957.57,5,0.45,-383.03
48,CA-2016-138688,2016-06-12,2016-06-16,Second Class,DV-13045,Darrin Van Huff,Corporate,United States,Los Angeles,California,West,OFF-LA-10000240,Office Supplies,Labels,Self-Adhesive Address Labels,14.62,2,0.0,6.87
49,CA-2017-114412,2017-04-15,2017-04-20,Standard Class,AA-10480,Andrew Allen,Consumer,United States,Concord,North Carolina,South,OFF-ST-10003454,Office Supplies,Storage,Fellowes Bankers Box,22.36,3,0.0,7.38
50,CA-2016-152156,2016-11-08,2016-11-11,Second Class,CG-12520,Claire Gute,Consumer,United States,Henderson,Kentucky,South,FUR-BO-10001798,Furniture,Bookcases,Bush Somerset Collection Bookcase,261.96,2,0.0,41.91
51,CA-2016-152156,2016-11-08,2016-11-11,Second Class,CG-12520,Claire Gute,Consumer,United States,Henderson,Kentucky,South,FUR-CH-10000454,Furniture,Chairs,Hon Deluxe Fabric Upholstered Stacking Chairs,731.94,3,0.0,219.58
52,US-2015-108966,2015-10-11,2015-10-18,Standard Class,SO-20335,Sean O'Donnell,Consumer,United States,Fort Lauderdale,Florida,South,FUR-TA-10000577,Furniture,Tables,Bretford CR4500 Series Slim Rectangular Table,957.57,5,0.45,-383.03
53,CA-2016-138688,2016-06-12,2016-06-16,Second Class,DV-13045,Darrin Van Huff,Corporate,United States,Los Angeles,California,West,OFF-LA-10000240,Office Supplies,Labels,Self-Adhesive Address Labels,14.62,2,0.0,6.87
54,CA-2017-114412,2017-04-15,2017-04-20,Standard Class,AA-10480,Andrew Allen,Consumer,United States,Concord,North Carolina,South,OFF-ST-10003454,Office Supplies,Storage,Fellowes Bankers Box,22.36,3,0.0,7.38
55,CA-2016-152156,2016-11-08,2016-11-11,Second Class,CG-12520,Claire Gute,Consumer,United States,Henderson,Kentucky,South,FUR-BO-10001798,Furniture,Bookcases,Bush Somerset Collection Bookcase,261.96,2,0.0,41.91
56,CA-2016-152156,2016-11-08,2016-11-11,Second Class,CG-12520,Claire Gute,Consumer,United States,Henderson,Kentucky,South,FUR-CH-10000454,Furniture,Chairs,Hon Deluxe Fabric Upholstered Stacking Chairs,731.94,3,0.0,219.58
57,US-2015-108966,2015-10-11,2015-10-18,Standard Class,SO-20335,Sean O'Donnell,Consumer,United States,Fort Lauderdale,Florida,South,FUR-TA-10000577,Furniture,Tables,Bretford CR4500 Series Slim Rectangular Table,957.57,5,0.45,-383.03
58,CA-2016-138688,2016-06-12,2016-06-16,Second Class,DV-13045,Darrin Van Huff,Corporate,United States,Los Angeles,California,West,OFF-LA-10000240,Office Supplies,Labels,Self-Adhesive Address Labels,14.62,2,0.0,6.87
59,CA-2017-114412,2017-04-15,2017-04-20,Standard Class,AA-10480,Andrew Allen,Consumer,United States,Concord,North Carolina,South,OFF-ST-10003454,Office Supplies,Storage,Fellowes Bankers Box,22.36,3,0.0,7.38
60,CA-2016-152156,2016-11-08,2016-11-11,Second Class,CG-12520,Claire Gute,Consumer,United States,Henderson,Kentucky,South,FUR-BO-10001798,Furniture,Bookcases,Bush Somerset Collection Bookcase,261.96,2,0.0,41.91
61,CA-2016-152156,2016-11-08,2016-11-11,Second Class,CG-12520,Claire Gute,Consumer,United States,Henderson,Kentucky,South,FUR-CH-10000454,Furniture,Chairs,Hon Deluxe Fabric Upholstered Stacking Chairs,731.94,3,0.0,219.58
62,US-2015-108966,2015-10-11,2015-10-18,Standard Class,SO-20335,Sean O'Donnell,Consumer,United States,Fort Lauderdale,Florida,South,FUR-TA-10000577,Furniture,Tables,Bretford CR4500 Series Slim Rectangular Table,957.57,5,0.45,-383.03
63,CA-2016-138688,2016-06-12,2016-06-16,Second Class,DV-13045,Darrin Van Huff,Corporate,United States,Los Angeles,California,West,OFF-LA-10000240,Office Supplies,Labels,Self-Adhesive Address Labels,14.62,2,0.0,6.87
64,CA-2017-114412,2017-04-15,2017-04-20,Standard Class,AA-10480,Andrew Allen,Consumer,United States,Concord,North Carolina,South,OFF-ST-10003454,Office Supplies,Storage,Fellowes Bankers Box,22.36,3,0.0,7.38
65,CA-2016-152156,2016-11-08,2016-11-11,Second Class,CG-12520,Claire Gute,Consumer,United States,Henderson,Kentucky,South,FUR-BO-10001798,Furniture,Bookcases,Bush Somerset Collection Bookcase,261.96,2,0.0,41.91
66,CA-2016-152156,2016-11-08,2016-11-11,Second Class,CG-12520,Claire Gute,Consumer,United States,Henderson,Kentucky,South,FUR-CH-10000454,Furniture,Chairs,Hon Deluxe Fabric Upholstered Stacking Chairs,731.94,3,0.0,219.58
67,US-2015-108966,2015-10-11,2015-10-18,Standard Class,SO-20335,Sean O'Donnell,Consumer,United States,Fort Lauderdale,Florida,South,FUR-TA-10000577,Furniture,Tables,Bretford CR4500 Series Slim Rectangular Table,957.57,5,0.45,-383.03
68,CA-2016-138688,2016-06-12,2016-06-16,Second Class,DV-13045,Darrin Van Huff,Corporate,United States,Los Angeles,California,West,OFF-LA-10000240,Office Supplies,Labels,Self-Adhesive Address Labels,14.62,2,0.0,6.87
69,CA-2017-114412,2017-04-15,2017-04-20,Standard Class,AA-10480,Andrew Allen,Consumer,United States,Concord,North Carolina,South,OFF-ST-10003454,Office Supplies,Storage,Fellowes Bankers Box,22.36,3,0.0,7.38
70,CA-2016-152156,2016-11-08,2016-11-11,Second Class,CG-12520,Claire Gute,Consumer,United States,Henderson,Kentucky,South,FUR-BO-10001798,Furniture,Bookcases,Bush Somerset Collection Bookcase,261.96,2,0.0,41.91
71,CA-2016-152156,2016-11-08,2016-11-11,Second Class,CG-12520,Claire Gute,Consumer,United States,Henderson,Kentucky,South,FUR-CH-10000454,Furniture,Chairs,Hon Deluxe Fabric Upholstered Stacking Chairs,731.94,3,0.0,219.58
72,US-2015-108966,2015-10-11,2015-10-18,Standard Class,SO-20335,Sean O'Donnell,Consumer,United States,Fort Lauderdale,Florida,South,FUR-TA-10000577,Furniture,Tables,Bretford CR4500 Series Slim Rectangular Table,957.57,5,0.45,-383.03
73,CA-2016-138688,2016-06-12,2016-06-16,Second Class,DV-13045,Darrin Van Huff,Corporate,United States,Los Angeles,California,West,OFF-LA-10000240,Office Supplies,Labels,Self-Adhesive Address Labels,14.62,2,0.0,6.87
74,CA-2017-114412,2017-04-15,2017-04-20,Standard Class,AA-10480,Andrew Allen,Consumer,United States,Concord,North Carolina,South,OFF-ST-10003454,Office Supplies,Storage,Fellowes Bankers Box,22.36,3,0.0,7.38
75,CA-2016-152156,2016-11-08,2016-11-11,Second Class,CG-12520,Claire Gute,Consumer,United States,Henderson,Kentucky,South,FUR-BO-10001798,Furniture,Bookcases,Bush Somerset Collection Bookcase,261.96,2,0.0,41.91
76,CA-2016-152156,2016-11-08,2016-11-11,Second Class,CG-12520,Claire Gute,Consumer,United States,Henderson,Kentucky,South,FUR-CH-10000454,Furniture,Chairs,Hon Deluxe Fabric Upholstered Stacking Chairs,731.94,3,0.0,219.58
77,US-2015-108966,2015-10-11,2015-10-18,Standard Class,SO-20335,Sean O'Donnell,Consumer,United States,Fort Lauderdale,Florida,South,FUR-TA-10000577,Furniture,Tables,Bretford CR4500 Series Slim Rectangular Table,957.57,5,0.45,-383.03
78,CA-2016-138688,2016-06-12,2016-06-16,Second Class,DV-13045,Darrin Van Huff,Corporate,United States,Los Angeles,California,West,OFF-LA-10000240,Office Supplies,Labels,Self-Adhesive Address Labels,14.62,2,0.0,6.87
79,CA-2017-114412,2017-04-15,2017-04-20,Standard Class,AA-10480,Andrew Allen,Consumer,United States,Concord,North Carolina,South,OFF-ST-10003454,Office Supplies,Storage,Fellowes Bankers Box,22.36,3,0.0,7.38
80,CA-2016-152156,2016-11-08,2016-11-11,Second Class,CG-12520,Claire Gute,Consumer,United States,Henderson,Kentucky,South,FUR-BO-10001798,Furniture,Bookcases,Bush Somerset Collection Bookcase,261.96,2,0.0,41.91
81,CA-2016-152156,2016-11-08,2016-11-11,Second Class,CG-12520,Claire Gute,Consumer,United States,Henderson,Kentucky,South,FUR-CH-10000454,Furniture,Chairs,Hon Deluxe Fabric Upholstered Stacking Chairs,731.94,3,0.0,219.58
82,US-2015-108966,2015-10-11,2015-10-18,Standard Class,SO-20335,Sean O'Donnell,Consumer,United States,Fort Lauderdale,Florida,South,FUR-TA-10000577,Furniture,Tables,Bretford CR4500 Series Slim Rectangular Table,957.57,5,0.45,-383.03
83,CA-2016-138688,2016-06-12,2016-06-16,Second Class,DV-13045,Darrin Van Huff,Corporate,United States,Los Angeles,California,West,OFF-LA-10000240,Office Supplies,Labels,Self-Adhesive Address Labels,14.62,2,0.0,6.87
84,CA-2017-114412,2017-04-15,2017-04-20,Standard Class,AA-10480,Andrew Allen,Consumer,United States,Concord,North Carolina,South,OFF-ST-10003454,Office Supplies,Storage,Fellowes Bankers Box,22.36,3,0.0,7.38
85,CA-2016-152156,2016-11-08,2016-11-11,Second Class,CG-12520,Claire Gute,Consumer,United States,Henderson,Kentucky,South,FUR-BO-10001798,Furniture,Bookcases,Bush Somerset Collection Bookcase,261.96,2,0.0,41.91
86,CA-2016-152156,2016-11-08,2016-11-11,Second Class,CG-12520,Claire Gute,Consumer,United States,Henderson,Kentucky,South,FUR-CH-10000454,Furniture,Chairs,Hon Deluxe Fabric Upholstered Stacking Chairs,731.94,3,0.0,219.58
87,US-2015-108966,2015-10-11,2015-10-18,Standard Class,SO-20335,Sean O'Donnell,Consumer,United States,Fort Lauderdale,Florida,South,FUR-TA-10000577,Furniture,Tables,Bretford CR4500 Series Slim Rectangular Table,957.57,5,0.45,-383.03
88,CA-2016-138688,2016-06-12,2016-06-16,Second Class,DV-13045,Darrin Van Huff,Corporate,United States,Los Angeles,California,West,OFF-LA-10000240,Office Supplies,Labels,Self-Adhesive Address Labels,14.62,2,0.0,6.87
89,CA-2017-114412,2017-04-15,2017-04-20,Standard Class,AA-10480,Andrew Allen,Consumer,United States,Concord,North Carolina,South,OFF-ST-10003454,Office Supplies,Storage,Fellowes Bankers Box,22.36,3,0.0,7.38
90,CA-2016-152156,2016-11-08,2016-11-11,Second Class,CG-12520,Claire Gute,Consumer,United States,Henderson,Kentucky,South,FUR-BO-10001798,Furniture,Bookcases,Bush Somerset Collection Bookcase,261.96,2,0.0,41.91
91,CA-2016-152156,2016-11-08,2016-11-11,Second Class,CG-12520,Claire Gute,Consumer,United States,Henderson,Kentucky,South,FUR-CH-10000454,Furniture,Chairs,Hon Deluxe Fabric Upholstered Stacking Chairs,731.94,3,0.0,219.58
92,US-2015-108966,2015-10-11,2015-10-18,Standard Class,SO-20335,Sean O'Donnell,Consumer,United States,Fort Lauderdale,Florida,South,FUR-TA-10000577,Furniture,Tables,Bretford CR4500 Series Slim Rectangular Table,957.57,5,0.45,-383.03
93,CA-2016-138688,2016-06-12,2016-06-16,Second Class,DV-13045,Darrin Van Huff,Corporate,United States,Los Angeles,California,West,OFF-LA-10000240,Office Supplies,Labels,Self-Adhesive Address Labels,14.62,2,0.0,6.87
94,CA-2017-114412,2017-04-15,2017-04-20,Standard Class,AA-10480,Andrew Allen,Consumer,United States,Concord,North Carolina,South,OFF-ST-10003454,Office Supplies,Storage,Fellowes Bankers Box,22.36,3,0.0,7.38
95,CA-2016-152156,2016-11-08,2016-11-11,Second Class,CG-12520,Claire Gute,Consumer,United States,Henderson,Kentucky,South,FUR-BO-10001798,Furniture,Bookcases,Bush Somerset Collection Bookcase,261.96,2,0.0,41.91
96,CA-2016-152156,2016-11-08,2016-11-11,Second Class,CG-12520,Claire Gute,Consumer,United States,Henderson,Kentucky,South,FUR-CH-10000454,Furniture,Chairs,Hon Deluxe Fabric Upholstered Stacking Chairs,731.94,3,0.0,219.58
97,US-2015-108966,2015-10-11,2015-10-18,Standard Class,SO-20335,Sean O'Donnell,Consumer,United States,Fort Lauderdale,Florida,South,FUR-TA-10000577,Furniture,Tables,Bretford CR4500 Series Slim Rectangular Table,957.57,5,0.45,-383.03
98,CA-2016-138688,2016-06-12,2016-06-16,Second Class,DV-13045,Darrin Van Huff,Corporate,United States,Los Angeles,California,West,OFF-LA-10000240,Office Supplies,Labels,Self-Adhesive Address Labels,14.62,2,0.0,6.87
99,CA-2017-114412,2017-04-15,2017-04-20,Standard Class,AA-10480,Andrew Allen,Consumer,United States,Concord,North Carolina,South,OFF-ST-10003454,Office Supplies,Storage,Fellowes Bankers Box,22.36,3,0.0,7.38
100,CA-2016-152156,2016-11-08,2016-11-11,Second Class,CG-12520,Claire Gute,Consumer,United States,Henderson,Kentucky,South,FUR-BO-10001798,Furniture,Bookcases,Bush Somerset Collection Bookcase,261.96,2,0.0,41.91
